url,clicks,impressions,position,cause
https://www.wheretoapply.xyz/occupations/registered-nurse-mental-health-254422,0,122,57.46,occupation-cluster-duplicate
https://www.wheretoapply.xyz/universities/rmit-university/programs/bachelor-of-engineering-honours-civil-engineering,0,46,14.02,other-program-noindex
https://www.wheretoapply.xyz/universities/university-of-technology-sydney/programs/master-of-artificial-intelligence,0,42,62.64,oct8-85word-rule
https://www.wheretoapply.xyz/universities/university-of-technology-sydney/programs/master-of-data-science-and-innovation,0,40,20.85,oct8-85word-rule
https://www.wheretoapply.xyz/universities/university-of-melbourne/programs/bachelor-of-science,0,40,20.95,oct8-85word-rule
https://www.wheretoapply.xyz/occupations/mechanical-engineer-233512,0,38,41.66,occupation-cluster-duplicate
https://www.wheretoapply.xyz/occupations/ict-business-analyst-261111,0,38,35,occupation-cluster-duplicate
https://www.wheretoapply.xyz/universities/university-of-notre-dame-australia/programs/bachelor-of-nursing,0,32,30.97,oct8-85word-rule
https://www.wheretoapply.xyz/universities/university-of-the-sunshine-coast/programs/bachelor-of-education-primary,0,31,26.1,oct8-85word-rule
https://www.wheretoapply.xyz/universities/university-of-melbourne/programs/39c7cfc1-78ef-48ea-9841-020b2e284832,0,28,17.54,other-program-noindex
https://www.wheretoapply.xyz/universities/university-of-the-sunshine-coast/programs/bachelor-of-communication,1,27,10.19,oct8-85word-rule
https://www.wheretoapply.xyz/universities/university-of-new-england/programs/master-of-nursing-practice-preregistration,0,26,12.65,oct8-85word-rule
https://www.wheretoapply.xyz/universities/university-of-the-sunshine-coast/programs/bachelor-of-behavioural-science-psychology,0,24,20.25,oct8-85word-rule
https://www.wheretoapply.xyz/occupations/registered-nurse-community-health-254414,0,22,57.32,occupation-cluster-duplicate
https://www.wheretoapply.xyz/occupations/dietitian-251111,0,22,12.77,occupation-cluster-duplicate
https://www.wheretoapply.xyz/universities/university-of-queensland/programs/master-of-international-economics-and-finance,0,21,9.52,oct8-85word-rule
https://www.wheretoapply.xyz/universities/university-of-sydney/programs/graduate-diploma-in-mental-health-nursing,0,20,90.3,other-program-noindex
https://www.wheretoapply.xyz/universities/university-of-technology-sydney/programs/graduate-diploma-in-artificial-intelligence,0,19,61.68,oct8-85word-rule
https://www.wheretoapply.xyz/universities/university-of-melbourne/programs/3e2c8a5c-ee22-461b-a2e3-d53808774f81,0,19,23.63,other-program-noindex
https://www.wheretoapply.xyz/occupations/occupational-therapist-252411,0,19,22.95,occupation-cluster-duplicate
https://www.wheretoapply.xyz/universities/university-of-new-england/programs/bachelor-of-education-early-childhood-and-primary,0,17,36.71,oct8-85word-rule
https://www.wheretoapply.xyz/universities/unsw-sydney/programs/bachelor-of-international-studies,0,16,24.38,other-program-noindex
https://www.wheretoapply.xyz/universities/icms/programs/bachelor-of-international-hotel-and-resort-management,0,16,21.62,other-program-noindex
https://www.wheretoapply.xyz/occupations/environmental-research-scientist-234313,0,16,12.56,occupation-cluster-duplicate
https://www.wheretoapply.xyz/occupations/registered-nurse-aged-care-254412,0,15,35.33,occupation-cluster-duplicate
https://www.wheretoapply.xyz/universities/university-of-the-sunshine-coast/programs/master-of-information-and-communications-technology,0,14,7.71,oct8-85word-rule
https://www.wheretoapply.xyz/universities/university-of-the-sunshine-coast/programs/bachelor-of-sport-and-exercise-science,0,14,13.5,oct8-85word-rule
https://www.wheretoapply.xyz/universities/university-of-the-sunshine-coast/programs/bachelor-of-science,0,14,17.64,oct8-85word-rule
https://www.wheretoapply.xyz/occupations/nurse-practitioner-254411,0,14,38,occupation-cluster-duplicate
https://www.wheretoapply.xyz/universities/unsw-sydney/programs/3940063c-3daa-4402-aa3d-cf92398b2019,0,13,24.62,other-program-noindex
https://www.wheretoapply.xyz/universities/university-of-notre-dame-australia/programs/bachelor-of-physiotherapy,0,13,13.54,oct8-85word-rule
https://www.wheretoapply.xyz/universities/australian-national-university/programs/master-of-economic-policy,0,13,9.85,oct8-85word-rule
https://www.wheretoapply.xyz/occupations/company-secretary-221211,0,13,13.38,occupation-cluster-duplicate
https://www.wheretoapply.xyz/universities/university-of-notre-dame-australia/programs/4d1ab5b7-ed1b-49ff-ab87-c282ae4a8031,0,12,39.17,other-program-noindex
https://www.wheretoapply.xyz/universities/federation-university-australia/programs/bachelor-of-social-work,0,12,16.75,oct8-85word-rule
https://www.wheretoapply.xyz/universities/university-of-the-sunshine-coast/programs/master-of-health-promotion,0,11,55.91,oct8-85word-rule
https://www.wheretoapply.xyz/universities/university-of-newcastle/programs/graduate-certificate-in-fintech,0,11,67.91,oct8-85word-rule
https://www.wheretoapply.xyz/universities/university-of-new-england/programs/d186c0de-9d43-4f37-b91b-bb2d2512fa92,0,11,18.36,other-program-noindex
https://www.wheretoapply.xyz/universities/nida/programs/master-of-fine-arts-design-for-performance,0,11,8.09,other-program-noindex
https://www.wheretoapply.xyz/universities/australian-national-university/programs/bachelor-of-economics,0,11,7.55,oct8-85word-rule
https://www.wheretoapply.xyz/occupations/physiotherapist-252511,0,11,15.91,occupation-cluster-duplicate
https://www.wheretoapply.xyz/universities/victoria-university/programs/bachelor-of-paramedicine,0,10,14.8,oct8-85word-rule
https://www.wheretoapply.xyz/universities/university-of-technology-sydney/programs/bachelor-of-information-technology,0,10,49.4,oct8-85word-rule
https://www.wheretoapply.xyz/universities/university-of-sydney/programs/graduate-certificate-in-digital-health-and-data-science,0,10,71.1,other-program-noindex
https://www.wheretoapply.xyz/universities/james-cook-university/programs/juris-doctor,0,10,7.8,oct8-85word-rule
https://www.wheretoapply.xyz/universities/avondale-university/programs/master-of-nursing-coursework,0,10,12.8,other-program-noindex
https://www.wheretoapply.xyz/universities/avondale-university/programs/bachelor-of-nursing,0,10,18,oct8-85word-rule
https://www.wheretoapply.xyz/universities/university-of-wollongong/programs/master-of-nursing,0,9,10,other-program-noindex
https://www.wheretoapply.xyz/universities/university-of-the-sunshine-coast/programs/master-of-business-administration,0,9,16,oct8-85word-rule
https://www.wheretoapply.xyz/universities/university-of-queensland/programs/graduate-certificate-in-molecular-biology,0,9,9.89,oct8-85word-rule
https://www.wheretoapply.xyz/universities/university-of-new-england/programs/master-of-business-administration,0,9,30.67,oct8-85word-rule
https://www.wheretoapply.xyz/universities/rmit-university/programs/bachelor-of-design-communication-design,0,9,8,other-program-noindex
https://www.wheretoapply.xyz/universities/queensland-university-of-technology/programs/bachelor-of-pharmacy-honours,0,9,20.56,oct8-85word-rule
https://www.wheretoapply.xyz/universities/griffith-university/programs/doctor-of-clinical-dentistry,0,9,6.67,other-program-noindex
https://www.wheretoapply.xyz/universities/edith-cowan-university/programs/master-of-aviation-management,0,9,6.78,oct8-85word-rule
https://www.wheretoapply.xyz/universities/australian-national-university/programs/graduate-certificate-of-economics,0,9,37.22,oct8-85word-rule
https://www.wheretoapply.xyz/universities/australian-national-university/programs/doctor-of-philosophy-business-and-economics,0,9,8,oct8-85word-rule
https://www.wheretoapply.xyz/occupations/systems-analyst-261112,0,9,49.78,occupation-cluster-duplicate
https://www.wheretoapply.xyz/occupations/special-needs-teacher-241511,0,9,28.89,occupation-cluster-duplicate
https://www.wheretoapply.xyz/universities/university-of-technology-sydney/programs/8054deae-8d32-43be-b0d7-07d1e21a2556,0,8,21.75,other-program-noindex
https://www.wheretoapply.xyz/universities/university-of-tasmania/programs/bachelor-of-education-primary-2,0,8,9,other-program-noindex
https://www.wheretoapply.xyz/universities/university-of-sydney/programs/master-of-urban-and-regional-planning,0,8,61,other-program-noindex
https://www.wheretoapply.xyz/universities/university-of-melbourne/programs/master-of-advanced-nursing,0,8,63.12,other-program-noindex
https://www.wheretoapply.xyz/universities/james-cook-university/programs/master-of-public-health,0,8,49.75,oct8-85word-rule
https://www.wheretoapply.xyz/universities/edith-cowan-university/programs/9bfd9804-98f1-4481-842f-5a7c21e064cf,0,8,25.62,other-program-noindex
https://www.wheretoapply.xyz/universities/university-of-the-sunshine-coast/programs/bachelor-of-engineering-honours-civil-engineering,0,7,14.14,oct8-85word-rule
https://www.wheretoapply.xyz/universities/university-of-technology-sydney/programs/master-of-behavioural-economics,0,7,26,other-program-noindex
https://www.wheretoapply.xyz/universities/university-of-new-england/programs/bachelor-of-arts,0,7,24.43,oct8-85word-rule
https://www.wheretoapply.xyz/universities/university-of-new-england/programs/1b091d13-adce-4481-9f00-3c62455b6ff4,0,7,39,other-program-noindex
https://www.wheretoapply.xyz/universities/nida/programs/ee8033b5-0a69-431e-a636-d6460ad30c1d,0,7,15.29,other-program-noindex
https://www.wheretoapply.xyz/universities/icms/programs/bachelor-of-business-property,0,7,27,other-program-noindex
https://www.wheretoapply.xyz/universities/federation-university-australia/programs/9485e16e-9964-4aa1-9573-f3934bdc48ed,0,7,5.57,other-program-noindex
https://www.wheretoapply.xyz/universities/australian-national-university/programs/graduate-diploma-of-economics,0,7,37.71,oct8-85word-rule
https://www.wheretoapply.xyz/universities/australian-national-university/programs/doctor-of-philosophy-culture-history-and-language,0,7,7.43,oct8-85word-rule
https://www.wheretoapply.xyz/occupations/mining-engineer-excluding-petroleum-233611,0,7,7.57,occupation-cluster-duplicate
https://www.wheretoapply.xyz/occupations/biomedical-engineer-233913,0,7,46,occupation-cluster-duplicate
https://www.wheretoapply.xyz/universities/unsw-sydney/programs/f9cce8d5-ed88-4143-aa31-3a1c0beb61da,0,6,20.17,other-program-noindex
https://www.wheretoapply.xyz/universities/unsw-sydney/programs/bachelor-of-media-media-culture-and-technology,0,6,27.17,other-program-noindex
https://www.wheretoapply.xyz/universities/university-of-tasmania/programs/bachelor-of-philosophy,0,6,5.17,oct8-85word-rule
https://www.wheretoapply.xyz/universities/university-of-sydney/programs/master-of-diagnostic-radiography,0,6,18.67,other-program-noindex
https://www.wheretoapply.xyz/universities/university-of-queensland/programs/master-of-civil-engineering-professional,0,6,6.67,oct8-85word-rule
https://www.wheretoapply.xyz/universities/university-of-notre-dame-australia/programs/master-of-education-leadership-and-management,0,6,48.67,oct8-85word-rule
https://www.wheretoapply.xyz/universities/university-of-new-england/programs/bachelor-of-agribusiness-with-honours,0,6,22.17,oct8-85word-rule
https://www.wheretoapply.xyz/universities/federation-university-australia/programs/master-of-technology-enterprise-systems-and-business-analytics,0,6,8.67,other-program-noindex
https://www.wheretoapply.xyz/universities/edith-cowan-university/programs/graduate-diploma-in-teaching-secondary,0,6,35.83,oct8-85word-rule
https://www.wheretoapply.xyz/universities/charles-sturt-university/programs/bachelor-of-wine-business,0,6,11.33,oct8-85word-rule
https://www.wheretoapply.xyz/universities/australian-national-university/programs/master-of-project-management,0,6,10.67,oct8-85word-rule
https://www.wheretoapply.xyz/occupations/organisational-psychologist-272313,0,6,36.5,occupation-cluster-duplicate
https://www.wheretoapply.xyz/universities/victoria-university/programs/bachelor-of-building-surveying,0,5,37,other-program-noindex
https://www.wheretoapply.xyz/universities/unsw-sydney/programs/bachelor-of-computer-science,0,5,16.6,other-program-noindex
https://www.wheretoapply.xyz/universities/university-of-wollongong/programs/graduate-diploma-in-business-administration-executive,0,5,9.6,other-program-noindex
https://www.wheretoapply.xyz/universities/university-of-western-australia/programs/302bc1a0-c6a9-4ae8-8a3c-f65fc63fa706,0,5,25.6,other-program-noindex
https://www.wheretoapply.xyz/universities/university-of-the-sunshine-coast/programs/master-of-engineering-professional,0,5,7.6,oct8-85word-rule
https://www.wheretoapply.xyz/universities/university-of-the-sunshine-coast/programs/doctor-of-philosophy,0,5,9.2,oct8-85word-rule
https://www.wheretoapply.xyz/universities/university-of-the-sunshine-coast/programs/bachelor-of-criminology-and-justice,0,5,32.2,oct8-85word-rule
https://www.wheretoapply.xyz/universities/university-of-sydney/programs/master-of-engineering,0,5,7.4,other-program-noindex
https://www.wheretoapply.xyz/universities/university-of-sydney/programs/master-of-architectural-science-one-stream,0,5,9.4,other-program-noindex
https://www.wheretoapply.xyz/universities/university-of-sydney/programs/doctor-of-philosophy-in-science,0,5,63,other-program-noindex
https://www.wheretoapply.xyz/universities/university-of-new-england/programs/graduate-diploma-in-psychology,0,5,30,oct8-85word-rule
https://www.wheretoapply.xyz/universities/university-of-divinity/programs/bachelor-of-counselling,0,5,19,oct8-85word-rule
https://www.wheretoapply.xyz/universities/torrens-university-australia/programs/master-of-philosophy,0,5,10.4,oct8-85word-rule
https://www.wheretoapply.xyz/universities/tafe-queensland/programs/bachelor-of-business,0,5,16.8,other-program-noindex
https://www.wheretoapply.xyz/universities/south-metropolitan-tafe/programs/diploma-of-hospitality-management,0,5,7.6,oct8-85word-rule
https://www.wheretoapply.xyz/universities/south-metropolitan-tafe/programs/advanced-diploma-of-accounting,0,5,43.4,other-program-noindex
https://www.wheretoapply.xyz/universities/rmit-university/programs/ca8d9f0d-a3eb-48ff-96d9-e74ddd81a247,0,5,13,other-program-noindex
https://www.wheretoapply.xyz/universities/edith-cowan-university/programs/bachelor-of-screen-production,0,5,8.8,oct8-85word-rule
https://www.wheretoapply.xyz/universities/edith-cowan-university/programs/bachelor-of-marketing-advertising-and-public-relations,0,5,7.2,oct8-85word-rule
https://www.wheretoapply.xyz/universities/cquniversity-australia/programs/9a8ed5fa-9e7e-484a-b346-57229f67b647,0,5,59.6,other-program-noindex
https://www.wheretoapply.xyz/universities/australian-national-university/programs/doctor-of-philosophy-school-of-engineering,0,5,21.4,oct8-85word-rule
https://www.wheretoapply.xyz/universities/australian-institute-of-business/programs/f2738f1c-3931-4767-b734-09cf866d3e5b,0,5,80.8,other-program-noindex
https://www.wheretoapply.xyz/universities/university-of-wollongong/programs/graduate-certificate-in-international-relations,0,4,52.25,oct8-85word-rule
https://www.wheretoapply.xyz/universities/university-of-western-australia/programs/bachelor-of-social-work-honours,0,4,6,oct8-85word-rule
https://www.wheretoapply.xyz/universities/university-of-the-sunshine-coast/programs/master-of-professional-psychology,0,4,5.75,oct8-85word-rule
https://www.wheretoapply.xyz/universities/university-of-technology-sydney/programs/graduate-certificate-in-data-science-and-innovation,0,4,10,other-program-noindex
https://www.wheretoapply.xyz/universities/university-of-technology-sydney/programs/bachelor-of-economics,0,4,29.25,oct8-85word-rule
https://www.wheretoapply.xyz/universities/university-of-sydney/programs/master-of-speech-language-pathology,0,4,47.5,other-program-noindex
https://www.wheretoapply.xyz/universities/university-of-sydney/programs/master-of-political-economy,0,4,17.25,other-program-noindex
https://www.wheretoapply.xyz/universities/university-of-sydney/programs/master-of-nursing,0,4,77.5,other-program-noindex
https://www.wheretoapply.xyz/universities/university-of-sydney/programs/master-of-crosscultural-communication,0,4,8,other-program-noindex
https://www.wheretoapply.xyz/universities/university-of-sydney/programs/graduate-certificate-in-brain-and-mind-sciences,0,4,48.75,other-program-noindex
https://www.wheretoapply.xyz/universities/university-of-queensland/programs/graduate-diploma-in-economics,0,4,32,oct8-85word-rule
https://www.wheretoapply.xyz/universities/university-of-melbourne/programs/cd516ab9-5bcb-48c3-80fc-d14a68b4c8fa,0,4,29.25,other-program-noindex
https://www.wheretoapply.xyz/universities/university-of-canberra/programs/graduate-diploma-in-law,0,4,12,oct8-85word-rule
https://www.wheretoapply.xyz/universities/melbourne-institute-of-technology/programs/master-of-information-technology,0,4,17.75,other-program-noindex
https://www.wheretoapply.xyz/universities/icms/programs/7d4a45f6-a15b-4dcc-881a-82f486ae2c84,0,4,13,other-program-noindex
https://www.wheretoapply.xyz/universities/icms/programs/0507514a-717f-44a8-a045-8d5967ffb053,0,4,9,other-program-noindex
https://www.wheretoapply.xyz/universities/flinders-university/programs/graduate-certificate-in-disability-policy-and-leadership,0,4,13.75,oct8-85word-rule
https://www.wheretoapply.xyz/universities/edith-cowan-university/programs/master-of-clinical-psychology,0,4,2,oct8-85word-rule
https://www.wheretoapply.xyz/universities/box-hill-institute/programs/bachelor-of-computer-systems-networking,0,4,6.25,other-program-noindex
https://www.wheretoapply.xyz/universities/australian-national-university/programs/master-of-governance-advanced,0,4,6.5,oct8-85word-rule
https://www.wheretoapply.xyz/universities/australian-institute-of-business/programs/bachelor-of-business-administration,0,4,23,other-program-noindex
https://www.wheretoapply.xyz/universities/university-of-western-australia/programs/bachelor-of-science-marine-science,0,3,5,other-program-noindex
https://www.wheretoapply.xyz/universities/university-of-the-sunshine-coast/programs/bachelor-of-business,0,3,24,oct8-85word-rule
https://www.wheretoapply.xyz/universities/university-of-technology-sydney/programs/bachelor-of-psychological-science-honours,0,3,18.67,oct8-85word-rule
https://www.wheretoapply.xyz/universities/university-of-technology-sydney/programs/bachelor-of-communication-in-creative-writing,0,3,5.33,oct8-85word-rule
https://www.wheretoapply.xyz/universities/university-of-sydney/programs/graduate-certificate-of-social-justice,0,3,8,other-program-noindex
https://www.wheretoapply.xyz/universities/university-of-queensland/programs/master-of-finance-and-investment-management,0,3,8,oct8-85word-rule
https://www.wheretoapply.xyz/universities/university-of-notre-dame-australia/programs/doctor-of-physiotherapy-research,0,3,6.33,oct8-85word-rule
https://www.wheretoapply.xyz/universities/university-of-new-england/programs/master-of-urban-and-regional-planning,0,3,7,oct8-85word-rule
https://www.wheretoapply.xyz/universities/university-of-new-england/programs/master-of-cybersecurity,0,3,28,oct8-85word-rule
https://www.wheretoapply.xyz/universities/university-of-new-england/programs/bachelor-of-psychological-science,0,3,14.33,oct8-85word-rule
https://www.wheretoapply.xyz/universities/university-of-melbourne/programs/master-of-music-therapy,0,3,5.67,other-program-noindex
https://www.wheretoapply.xyz/universities/university-of-melbourne/programs/master-of-engineering-structures,0,3,12.33,other-program-noindex
https://www.wheretoapply.xyz/universities/university-of-divinity/programs/master-of-theology,0,3,10.67,oct8-85word-rule
https://www.wheretoapply.xyz/universities/rmit-university/programs/bachelor-of-professional-communication,0,3,6.67,oct8-85word-rule
https://www.wheretoapply.xyz/universities/queensland-university-of-technology/programs/master-of-clinical-psychology,0,3,17.33,oct8-85word-rule
https://www.wheretoapply.xyz/universities/murdoch-university/programs/bachelor-of-applied-social-care,0,3,8,other-program-noindex
https://www.wheretoapply.xyz/universities/melbourne-institute-of-technology/programs/bc0a6b95-8e32-4661-aba8-e271c5a85bbb,0,3,20.67,other-program-noindex
https://www.wheretoapply.xyz/universities/flinders-university/programs/graduate-diploma-in-engineering-science,0,3,9.33,oct8-85word-rule
https://www.wheretoapply.xyz/universities/federation-university-australia/programs/master-of-philosophy,0,3,6.33,oct8-85word-rule
https://www.wheretoapply.xyz/universities/edith-cowan-university/programs/bachelor-of-technology-motorsports,0,3,1.33,oct8-85word-rule
https://www.wheretoapply.xyz/universities/cquniversity-australia/programs/bachelor-of-arts,0,3,9,other-program-noindex
https://www.wheretoapply.xyz/universities/avondale-university/programs/master-of-arts,0,3,5.33,oct8-85word-rule
https://www.wheretoapply.xyz/universities/avondale-university/programs/c2e98bc9-488d-498a-a776-64bc7791a218,0,3,25,other-program-noindex
https://www.wheretoapply.xyz/universities/australian-national-university/programs/master-of-international-law-and-diplomacy,0,3,8.67,oct8-85word-rule
https://www.wheretoapply.xyz/universities/australian-national-university/programs/master-of-applied-cybernetics,0,3,7.67,oct8-85word-rule
https://www.wheretoapply.xyz/universities/adelaide-university/programs/master-of-international-and-security-law,0,3,10,oct8-85word-rule
https://www.wheretoapply.xyz/universities/adelaide-university/programs/graduate-diploma-in-financial-planning,1,3,31.67,oct8-85word-rule
https://www.wheretoapply.xyz/occupations/educational-psychologist-272312,0,3,9.33,occupation-cluster-duplicate
https://www.wheretoapply.xyz/universities/university-of-notre-dame-australia/programs/bachelor-of-computer-science,1,1,1,oct8-85word-rule
